PERCENTAGE OF VISITS FOR INFLUENZA-LIKE-ILLNESS REPORTED BY SENTINEL PROVIDERS,,,,,,,,,,,,,,,,
REGION TYPE,REGION,YEAR,WEEK,% WEIGHTED ILI,%UNWEIGHTED ILI,AGE 0-4,AGE 25-49,AGE 25-64,AGE 5-24,AGE 50-64,AGE 65,ILITOTAL,NUM. OF PROVIDERS,TOTAL PATIENTS,,ILITOTAL
National,X,2004,1,2.89129,2.41833,1930,X,2605,2299,X,768,7602,1160,314349,2004_1,7602
National,X,2004,2,2.10429,1.80906,1679,X,1586,1857,X,461,5583,1141,308614,2004_2,5583
National,X,2004,3,1.88696,1.71202,1721,X,1276,1604,X,360,4961,1084,289774,2004_3,4961
National,X,2004,4,1.7766,1.5425,1487,X,1067,1543,X,339,4436,1071,287586,2004_4,4436
National,X,2004,5,1.46001,1.43787,1454,X,1047,1448,X,302,4251,1054,295646,2004_5,4251
National,X,2004,6,1.37787,1.32427,1420,X,889,1297,X,218,3824,986,288762,2004_6,3824
National,X,2004,7,1.30532,1.30726,1301,X,876,1255,X,259,3691,1004,282347,2004_7,3691
National,X,2004,8,1.08691,1.03698,956,X,719,1038,X,203,2916,948,281202,2004_8,2916
National,X,2004,9,0.991888,1.01032,925,X,682,910,X,227,2744,894,271597,2004_9,2744
National,X,2004,10,1.02765,1.05249,878,X,764,888,X,178,2708,897,257294,2004_10,2708
National,X,2004,11,1.0579,1.02009,730,X,756,826,X,175,2487,849,243802,2004_11,2487
National,X,2004,12,0.849361,0.924419,760,X,628,733,X,179,2300,859,248805,2004_12,2300
National,X,2004,13,0.747127,0.790645,610,X,495,611,X,142,1858,828,234998,2004_13,1858
National,X,2004,14,0.661708,0.80261,583,X,440,566,X,116,1705,774,212432,2004_14,1705
National,X,2004,15,0.679514,0.83613,545,X,500,573,X,131,1749,755,209178,2004_15,1749
National,X,2004,16,0.633071,0.792436,501,X,461,511,X,142,1615,679,203802,2004_16,1615
National,X,2004,17,0.569894,0.683588,470,X,349,404,X,108,1331,658,194708,2004_17,1331
National,X,2004,18,0.591357,0.757452,435,X,383,491,X,85,1394,629,184038,2004_18,1394
National,X,2004,19,0.589044,0.788585,449,X,361,443,X,74,1327,599,168276,2004_19,1327
National,X,2004,20,0.67864,0.812171,451,X,337,380,X,94,1262,553,155386,2004_20,1262
National,X,2004,21,0.637558,0.804463,375,X,280,349,X,66,1070,463,133008,2004_21,1070
National,X,2004,22,0.813309,0.877701,391,X,289,308,X,73,1061,452,120884,2004_22,1061
National,X,2004,23,0.834551,0.741453,355,X,257,309,X,66,987,443,133117,2004_23,987
National,X,2004,24,0.616174,0.661022,307,X,258,240,X,46,851,426,128740,2004_24,851
National,X,2004,25,0.513286,0.715109,277,X,245,284,X,81,887,423,124037,2004_25,887
National,X,2004,26,0.351881,0.562241,238,X,215,183,X,62,698,408,124146,2004_26,698
National,X,2004,27,0.542621,0.786808,233,X,210,205,X,62,710,381,90238,2004_27,710
National,X,2004,28,0.581036,0.860658,249,X,227,280,X,80,836,378,97135,2004_28,836
National,X,2004,29,0.495486,0.689944,259,X,162,200,X,38,659,370,95515,2004_29,659
National,X,2004,30,0.61209,0.779691,260,X,189,230,X,40,719,363,92216,2004_30,719
National,X,2004,31,0.531491,0.628144,213,X,225,235,X,60,733,345,116693,2004_31,733
National,X,2004,32,0.519987,0.902459,243,X,247,256,X,63,809,334,89644,2004_32,809
National,X,2004,33,0.574476,0.806443,256,X,200,256,X,58,770,335,95481,2004_33,770
National,X,2004,34,0.663175,0.874888,259,X,231,265,X,44,799,333,91326,2004_34,799
National,X,2004,35,0.614691,0.993213,279,X,252,358,X,71,960,326,96656,2004_35,960
National,X,2004,36,0.656823,0.876141,281,X,263,309,X,60,913,337,104207,2004_36,913
National,X,2004,37,0.723016,0.948092,342,X,299,413,X,68,1122,341,118343,2004_37,1122
National,X,2004,38,0.691857,0.926943,322,X,268,416,X,83,1089,336,117483,2004_38,1089
National,X,2004,39,0.782758,0.971643,333,X,319,382,X,82,1116,364,114857,2004_39,1116
National,X,2004,40,0.982275,0.897159,877,X,853,1256,X,185,3171,1176,353449,2004_40,3171
National,X,2004,41,1.01821,1.02248,1071,X,971,1373,X,216,3631,1187,355116,2004_41,3631
National,X,2004,42,1.1768,1.06296,1240,X,1019,1534,X,226,4019,1267,378094,2004_42,4019
National,X,2004,43,1.30121,1.14696,1190,X,1223,1671,X,285,4369,1293,380921,2004_43,4369
National,X,2004,44,1.27746,1.20495,1327,X,1215,1718,X,291,4551,1302,377692,2004_44,4551
National,X,2004,45,1.40387,1.30517,1497,X,1279,1874,X,319,4969,1344,380718,2004_45,4969
National,X,2004,46,1.40301,1.28699,1531,X,1279,1874,X,299,4983,1336,387182,2004_46,4983
National,X,2004,47,1.73975,1.59468,1490,X,1274,1678,X,271,4713,1341,295546,2004_47,4713
National,X,2004,48,1.56894,1.39714,1538,X,1434,2059,X,376,5407,1369,387004,2004_48,5407
National,X,2004,49,1.65927,1.44996,1551,X,1450,2052,X,375,5428,1346,374356,2004_49,5428
National,X,2004,50,1.81341,1.61745,1670,X,1643,2071,X,371,5755,1379,355806,2004_50,5755
National,X,2004,51,2.37626,2.19112,1856,X,1608,1807,X,418,5689,1288,259639,2004_51,5689
National,X,2004,52,2.77052,2.56649,2252,X,2413,1993,X,621,7279,1332,283617,2004_52,7279
National,X,2005,1,2.40064,2.17645,2010,X,2869,2450,X,712,8041,1383,369455,2005_1,8041
National,X,2005,2,2.54155,2.20171,2188,X,2542,2982,X,611,8323,1342,378024,2005_2,8323
National,X,2005,3,2.85871,2.53012,2199,X,2839,3682,X,608,9328,1348,368678,2005_3,9328
National,X,2005,4,3.55011,3.06524,2747,X,3586,5364,X,725,12422,1334,405254,2005_4,12422
National,X,2005,5,4.58591,3.98061,3086,X,4498,7650,X,958,16192,1303,406772,2005_5,16192
National,X,2005,6,5.05809,4.59568,3626,X,5757,8854,X,1132,19369,1324,421461,2005_6,19369
National,X,2005,7,5.44151,4.75197,3834,X,6515,8400,X,1182,19931,1330,419426,2005_7,19931
National,X,2005,8,4.4729,4.17962,3720,X,5125,6759,X,1026,16630,1280,397883,2005_8,16630
National,X,2005,9,3.6752,3.45359,2997,X,4058,5343,X,836,13234,1268,383196,2005_9,13234
National,X,2005,10,3.3353,3.15852,2728,X,3634,4494,X,745,11601,1227,367292,2005_10,11601
National,X,2005,11,2.76224,2.6732,2416,X,2969,3513,X,604,9502,1185,355454,2005_11,9502
National,X,2005,12,2.46844,2.35161,2145,X,2434,2771,X,550,7900,1148,335940,2005_12,7900
National,X,2005,13,2.00081,1.89243,1827,X,1979,2133,X,390,6329,1103,334438,2005_13,6329
National,X,2005,14,1.54319,1.5249,1422,X,1327,1737,X,330,4816,1048,315823,2005_14,4816
National,X,2005,15,1.50195,1.41134,1356,X,1169,1603,X,317,4445,1000,314948,2005_15,4445
National,X,2005,16,1.22918,1.25068,1096,X,954,1469,X,306,3825,978,305833,2005_16,3825
National,X,2005,17,1.21854,1.20702,1117,X,894,1411,X,224,3646,971,302065,2005_17,3646
National,X,2005,18,1.15832,1.07895,903,X,762,1136,X,189,2990,923,277120,2005_18,2990
National,X,2005,19,1.249,1.14521,979,X,710,1115,X,208,3012,878,263009,2005_19,3012
National,X,2005,20,1.16888,1.06124,805,X,600,926,X,200,2531,825,238494,2005_20,2531
National,X,2005,21,1.07888,1.0568,687,X,518,695,X,156,2056,687,194550,2005_21,2056
National,X,2005,22,1.23059,1.25193,693,X,568,678,X,160,2099,637,167661,2005_22,2099
National,X,2005,23,1.14747,1.01419,548,X,462,594,X,140,1744,603,171960,2005_23,1744
National,X,2005,24,1.00254,1.04197,573,X,409,507,X,125,1614,582,154899,2005_24,1614
National,X,2005,25,0.957569,0.954027,580,X,431,507,X,110,1628,587,170645,2005_25,1628
National,X,2005,26,0.894837,0.84823,497,X,326,452,X,84,1359,550,160216,2005_26,1359
National,X,2005,27,0.798205,0.841872,426,X,313,390,X,69,1198,533,142302,2005_27,1198
National,X,2005,28,0.757812,0.730894,389,X,323,361,X,75,1148,524,157068,2005_28,1148
National,X,2005,29,0.825963,0.713432,333,X,303,364,X,68,1068,507,149699,2005_29,1068
National,X,2005,30,0.744927,0.670677,328,X,279,327,X,56,990,492,147612,2005_30,990
National,X,2005,31,0.787049,0.689278,331,X,267,326,X,58,982,488,142468,2005_31,982
National,X,2005,32,0.684724,0.704929,319,X,297,350,X,57,1023,479,145121,2005_32,1023
National,X,2005,33,0.747361,0.615903,330,X,225,326,X,47,928,480,150673,2005_33,928
National,X,2005,34,0.673974,0.609426,292,X,265,311,X,54,922,428,151290,2005_34,922
National,X,2005,35,0.869662,0.680259,342,X,273,367,X,51,1033,420,151854,2005_35,1033
National,X,2005,36,0.899529,0.775488,338,X,264,396,X,63,1061,416,136817,2005_36,1061
National,X,2005,37,0.854635,0.683421,302,X,289,383,X,52,1026,408,150127,2005_37,1026
National,X,2005,38,1.01123,0.781075,368,X,285,516,X,50,1219,419,156067,2005_38,1219
National,X,2005,39,0.977808,0.806943,381,X,276,484,X,63,1204,447,149205,2005_39,1204
National,X,2005,40,1.17778,1.07635,1172,X,924,1256,X,234,3586,1113,333164,2005_40,3586
National,X,2005,41,1.21947,1.05869,1285,X,853,1247,X,197,3582,1160,338343,2005_41,3582
National,X,2005,42,1.3069,1.11523,1393,X,992,1525,X,212,4122,1216,369609,2005_42,4122
National,X,2005,43,1.33931,1.12381,1439,X,997,1599,X,213,4248,1237,377999,2005_43,4248
National,X,2005,44,1.58374,1.25489,1639,X,1190,1894,X,282,5005,1280,398840,2005_44,5005
National,X,2005,45,1.47072,1.33661,1563,X,1251,1929,X,295,5038,1272,376924,2005_45,5038
National,X,2005,46,1.6112,1.37864,1679,X,1331,1951,X,315,5276,1277,382697,2005_46,5276
National,X,2005,47,1.82699,1.60829,1666,X,1249,1593,X,294,4802,1301,298578,2005_47,4802
National,X,2005,48,1.77482,1.48311,1858,X,1583,2176,X,349,5966,1325,402264,2005_48,5966
National,X,2005,49,1.94451,1.65374,1987,X,1534,2463,X,387,6371,1328,385248,2005_49,6371
National,X,2005,50,2.35512,2.00679,2241,X,1997,3063,X,396,7697,1318,383548,2005_50,7697
National,X,2005,51,3.10878,2.56857,2696,X,2293,3058,X,530,8577,1287,333921,2005_51,8577
National,X,2005,52,3.28238,3.05278,2678,X,2882,2561,X,721,8842,1273,289638,2005_52,8842
National,X,2006,1,2.62914,2.42504,2422,X,2817,2366,X,734,8339,1319,343871,2006_1,8339
National,X,2006,2,2.2515,2.00195,2272,X,2155,2921,X,534,7882,1339,393716,2006_2,7882
National,X,2006,3,2.35858,2.05869,2249,X,1999,3150,X,460,7858,1297,381699,2006_3,7858
National,X,2006,4,2.41881,2.21277,2643,X,2281,3646,X,544,9114,1331,411882,2006_4,9114
National,X,2006,5,2.52752,2.3222,2612,X,2288,4153,X,498,9551,1320,411291,2006_5,9551
National,X,2006,6,2.64954,2.49279,2754,X,2543,4593,X,537,10427,1311,418286,2006_6,10427
National,X,2006,7,3.12935,2.79489,2624,X,2992,4979,X,631,11226,1288,401661,2006_7,11226
National,X,2006,8,3.12442,2.96911,2753,X,3073,5284,X,791,11901,1288,400827,2006_8,11901
National,X,2006,9,3.13099,2.83959,2579,X,2989,5008,X,767,11343,1275,399459,2006_9,11343
National,X,2006,10,3.08261,2.77799,2564,X,2913,5106,X,678,11261,1257,405365,2006_10,11261
National,X,2006,11,2.64431,2.47287,2330,X,2231,4154,X,607,9322,1241,376971,2006_11,9322
National,X,2006,12,2.42295,2.18061,1895,X,1919,3709,X,541,8064,1217,369804,2006_12,8064
National,X,2006,13,2.31141,2.0168,1697,X,1745,3393,X,478,7313,1165,362605,2006_13,7313
National,X,2006,14,1.86383,1.64101,1437,X,1299,2660,X,342,5738,1133,349662,2006_14,5738
National,X,2006,15,1.44943,1.35829,1181,X,1067,2014,X,285,4547,1087,334760,2006_15,4547
National,X,2006,16,1.30227,1.1428,959,X,873,1479,X,239,3550,1045,310641,2006_16,3550
National,X,2006,17,1.13459,1.04031,836,X,779,1382,X,180,3177,1017,305389,2006_17,3177
National,X,2006,18,1.06255,0.964347,745,X,637,1208,X,190,2780,958,288278,2006_18,2780
National,X,2006,19,1.03428,0.937982,745,X,621,1039,X,187,2592,919,276338,2006_19,2592
National,X,2006,20,1.01791,0.947449,715,X,582,969,X,162,2428,877,256267,2006_20,2428
National,X,2006,21,0.918151,0.891918,699,X,452,764,X,146,2061,783,231075,2006_21,2061
National,X,2006,22,0.93099,0.864643,572,X,404,561,X,108,1645,649,190252,2006_22,1645
National,X,2006,23,0.857294,0.97032,754,X,564,626,X,131,2075,635,213847,2006_23,2075
National,X,2006,24,0.786294,0.84439,514,X,388,447,X,81,1430,615,169353,2006_24,1430
National,X,2006,25,0.719426,0.77487,463,X,328,409,X,100,1300,610,167770,2006_25,1300
National,X,2006,26,0.718868,0.821372,466,X,323,390,X,92,1271,572,154741,2006_26,1271
National,X,2006,27,0.774807,0.872745,437,X,305,402,X,71,1215,565,139216,2006_27,1215
National,X,2006,28,0.76598,0.922635,549,X,449,511,X,108,1617,577,175259,2006_28,1617
National,X,2006,29,0.642809,0.899487,541,X,460,440,X,112,1553,564,172654,2006_29,1553
National,X,2006,30,0.622033,0.843082,502,X,422,403,X,128,1455,564,172581,2006_30,1455
National,X,2006,31,0.616326,0.881824,508,X,402,430,X,88,1428,551,161937,2006_31,1428
National,X,2006,32,0.685694,0.817145,473,X,383,435,X,82,1373,547,168024,2006_32,1373
National,X,2006,33,0.622697,0.8715,510,X,390,466,X,91,1457,536,167183,2006_33,1457
National,X,2006,34,0.611817,0.738621,404,X,279,379,X,76,1138,503,154071,2006_34,1138
National,X,2006,35,0.638831,0.797966,398,X,292,457,X,77,1224,488,153390,2006_35,1224
National,X,2006,36,0.806627,1.01394,492,X,396,506,X,69,1463,491,144289,2006_36,1463
National,X,2006,37,0.762448,0.880936,446,X,361,521,X,78,1406,487,159603,2006_37,1406
National,X,2006,38,0.813406,0.943366,511,X,362,534,X,80,1487,455,157627,2006_38,1487
National,X,2006,39,0.807934,0.891546,476,X,364,512,X,81,1433,469,160732,2006_39,1433
National,X,2006,40,1.15384,1.20322,1434,X,1116,1699,X,264,4513,1323,375076,2006_40,4513
National,X,2006,41,1.14819,1.05788,1278,X,992,1602,X,200,4072,1361,384920,2006_41,4072
National,X,2006,42,1.22736,1.13054,1543,X,1099,1830,X,265,4737,1425,419005,2006_42,4737
National,X,2006,43,1.21744,1.12552,1582,X,1086,1996,X,224,4888,1445,434287,2006_43,4888
National,X,2006,44,1.32813,1.20808,1672,X,1157,2270,X,281,5380,1473,445334,2006_44,5380
National,X,2006,45,1.47754,1.34952,2112,X,1320,2393,X,314,6139,1497,454901,2006_45,6139
National,X,2006,46,1.5339,1.4689,2355,X,1342,2681,X,290,6668,1474,453945,2006_46,6668
National,X,2006,47,1.91269,1.82767,2188,X,1409,2202,X,357,6156,1488,336822,2006_47,6156
National,X,2006,48,1.838,1.6656,2573,X,1774,2792,X,391,7530,1486,452089,2006_48,7530
National,X,2006,49,1.95376,1.85968,2643,X,1804,3244,X,431,8122,1493,436741,2006_49,8122
National,X,2006,50,2.40407,2.38891,3270,X,2177,4470,X,479,10396,1492,435177,2006_50,10396
National,X,2006,51,2.87453,2.78978,3387,X,2237,4065,X,503,10192,1435,365334,2006_51,10192
National,X,2006,52,3.02597,3.11549,3243,X,2216,2868,X,586,8913,1359,286087,2006_52,8913
National,X,2007,1,2.37817,2.26942,2927,X,2394,2481,X,584,8386,1490,369521,2007_1,8386
National,X,2007,2,2.09232,1.86355,2507,X,2018,2756,X,480,7761,1467,416464,2007_2,7761
National,X,2007,3,2.29396,1.99986,2548,X,1701,3248,X,412,7909,1470,395477,2007_3,7909
National,X,2007,4,2.74501,2.4406,3410,X,2257,4684,X,537,10888,1495,446119,2007_4,10888
National,X,2007,5,3.04434,2.83018,3456,X,2559,5648,X,457,12120,1472,428241,2007_5,12120
National,X,2007,6,3.49999,3.12343,3840,X,2910,6995,X,452,14197,1484,454533,2007_6,14197
National,X,2007,7,3.57851,3.27019,3879,X,2955,6668,X,529,14031,1461,429057,2007_7,14031
National,X,2007,8,3.28979,3.17757,3728,X,3175,6537,X,608,14048,1460,442099,2007_8,14048
National,X,2007,9,2.89149,2.72364,3016,X,2778,5429,X,578,11801,1428,433281,2007_9,11801
National,X,2007,10,2.62075,2.50201,2798,X,2533,4937,X,447,10715,1408,428255,2007_10,10715
National,X,2007,11,2.53387,2.4272,2668,X,2426,4031,X,472,9597,1361,395394,2007_11,9597
National,X,2007,12,2.07251,1.96041,2049,X,1857,3307,X,349,7562,1333,385735,2007_12,7562
National,X,2007,13,1.87084,1.5914,1664,X,1625,2508,X,351,6148,1303,386327,2007_13,6148
National,X,2007,14,1.40042,1.36978,1445,X,1379,1803,X,331,4958,1284,361955,2007_14,4958
National,X,2007,15,1.46887,1.36317,1429,X,1274,1821,X,345,4869,1240,357183,2007_15,4869
National,X,2007,16,1.15514,1.1737,1257,X,1112,1523,X,287,4179,1206,356055,2007_16,4179
National,X,2007,17,1.07901,1.06358,1152,X,937,1386,X,220,3695,1152,347413,2007_17,3695
National,X,2007,18,0.98492,0.969711,969,X,755,1143,X,210,3077,1119,317311,2007_18,3077
National,X,2007,19,1.03325,0.965362,917,X,713,1055,X,175,2860,1057,296262,2007_19,2860
National,X,2007,20,0.926649,0.856749,815,X,590,861,X,176,2442,1025,285031,2007_20,2442
National,X,2007,21,0.9201,0.863346,761,X,561,785,X,136,2243,925,259803,2007_21,2243
National,X,2007,22,0.954094,0.93537,722,X,554,652,X,130,2058,831,220020,2007_22,2058
National,X,2007,23,0.763278,0.745569,628,X,422,510,X,119,1679,796,225197,2007_23,1679
National,X,2007,24,0.81722,0.740428,598,X,413,469,X,134,1614,771,217982,2007_24,1614
National,X,2007,25,0.764586,0.672897,521,X,394,441,X,100,1456,749,216378,2007_25,1456
National,X,2007,26,0.793127,0.666282,514,X,431,408,X,102,1455,742,218376,2007_26,1455
National,X,2007,27,0.66909,0.662747,394,X,313,360,X,102,1169,711,176387,2007_27,1169
National,X,2007,28,0.62115,0.545619,366,X,296,372,X,52,1086,697,199040,2007_28,1086
National,X,2007,29,0.603659,0.586231,446,X,335,345,X,85,1211,698,206574,2007_29,1211
National,X,2007,30,0.649058,0.660687,477,X,391,392,X,96,1356,691,205241,2007_30,1356
National,X,2007,31,0.568338,0.534093,321,X,344,311,X,61,1037,677,194161,2007_31,1037
National,X,2007,32,0.651546,0.585549,389,X,320,385,X,78,1172,667,200154,2007_32,1172
National,X,2007,33,0.652176,0.618075,439,X,338,411,X,95,1283,666,207580,2007_33,1283
National,X,2007,34,0.803849,0.687465,495,X,408,457,X,88,1448,671,210629,2007_34,1448
National,X,2007,35,0.787458,0.715696,502,X,416,500,X,108,1526,652,213219,2007_35,1526
National,X,2007,36,0.943263,0.829313,519,X,417,545,X,73,1554,641,187384,2007_36,1554
National,X,2007,37,0.946932,0.800912,496,X,417,682,X,99,1694,638,211509,2007_37,1694
National,X,2007,38,0.987146,0.918484,609,X,502,681,X,121,1913,632,208278,2007_38,1913
National,X,2007,39,1.05206,0.814259,729,X,583,788,X,128,2228,703,273623,2007_39,2228
National,X,2007,40,0.995184,1.07197,2187,X,1167,1997,X,290,5641,1373,526227,2007_40,5641
National,X,2007,41,1.22003,1.21786,2387,X,1321,2433,X,303,6444,1429,529126,2007_41,6444
National,X,2007,42,1.28548,1.24576,2583,X,1455,2551,X,352,6941,1449,557172,2007_42,6941
National,X,2007,43,1.3775,1.35984,2871,X,1400,2788,X,375,7434,1477,546680,2007_43,7434
National,X,2007,44,1.46725,1.44671,3074,X,1475,2998,X,368,7915,1485,547104,2007_44,7915
National,X,2007,45,1.55841,1.53286,3398,X,1609,3303,X,377,8687,1539,566717,2007_45,8687
National,X,2007,46,1.61958,1.66653,3563,X,1780,3290,X,471,9104,1516,546284,2007_46,9104
National,X,2007,47,1.8112,1.97488,3651,X,1812,2631,X,476,8570,1523,433951,2007_47,8570
National,X,2007,48,1.61865,1.67305,3679,X,1921,3158,X,413,9171,1513,548159,2007_48,9171
National,X,2007,49,1.62124,1.63405,3365,X,1772,2907,X,392,8436,1487,516263,2007_49,8436
National,X,2007,50,1.67351,1.74595,3298,X,1697,2694,X,402,8091,1453,463416,2007_50,8091
National,X,2007,51,1.95096,1.93643,3580,X,1987,2724,X,459,8750,1420,451862,2007_51,8750
National,X,2007,52,2.50019,2.48905,3848,X,2184,2348,X,522,8902,1426,357646,2007_52,8902
National,X,2008,1,2.43939,2.25405,3737,X,2731,2568,X,670,9706,1486,430603,2008_1,9706
National,X,2008,2,2.29319,2.09147,3393,X,3262,3644,X,816,11115,1509,531444,2008_2,11115
National,X,2008,3,2.62907,2.35934,3664,X,3038,4900,X,595,12197,1511,516966,2008_3,12197
National,X,2008,4,3.92966,3.32331,4289,X,4499,7661,X,722,17171,1508,516683,2008_4,17171
National,X,2008,5,4.99202,4.43381,5222,X,6595,11974,X,1021,24812,1514,559609,2008_5,24812
National,X,2008,6,5.7776,5.34547,6059,X,9212,15323,X,1302,31896,1526,596692,2008_6,31896
National,X,2008,7,5.98318,5.42258,6244,X,9487,14336,X,1558,31625,1518,583210,2008_7,31625
National,X,2008,8,5.61677,5.30303,5922,X,9812,12783,X,1728,30245,1497,570334,2008_8,30245
National,X,2008,9,4.53234,4.24456,4978,X,8583,9958,X,1508,25027,1453,589626,2008_9,25027
National,X,2008,10,3.83249,3.628,4420,X,6781,7849,X,1204,20254,1445,558269,2008_10,20254
National,X,2008,11,3.21522,3.03463,3878,X,5676,6112,X,1048,16714,1412,550776,2008_11,16714
National,X,2008,12,2.69245,2.53595,3153,X,4520,4493,X,874,13040,1395,514205,2008_12,13040
National,X,2008,13,2.03366,2.0573,2689,X,3496,3395,X,796,10376,1379,504350,2008_13,10376
National,X,2008,14,1.65275,1.7415,2372,X,2872,2697,X,642,8583,1327,492850,2008_14,8583
National,X,2008,15,1.3113,1.40652,2045,X,2160,2354,X,486,7045,1318,500881,2008_15,7045
National,X,2008,16,1.1652,1.26861,1857,X,1802,2013,X,407,6079,1288,479187,2008_16,6079
National,X,2008,17,1.02035,1.07719,1572,X,1345,1713,X,323,4953,1208,459808,2008_17,4953
National,X,2008,18,0.877607,0.993445,1466,X,1107,1416,X,235,4224,1147,425187,2008_18,4224
National,X,2008,19,0.825107,0.911212,1356,X,1066,1381,X,208,4011,1098,440183,2008_19,4011
National,X,2008,20,0.787315,0.972109,1439,X,980,1274,X,211,3904,1074,401601,2008_20,3904
National,X,2008,21,0.805439,0.993258,1393,X,926,1116,X,211,3646,945,367075,2008_21,3646
National,X,2008,22,0.886061,1.09132,1473,X,1004,1083,X,243,3803,869,348477,2008_22,3803
National,X,2008,23,0.743743,0.888446,1159,X,729,906,X,139,2933,789,330127,2008_23,2933
National,X,2008,24,0.706842,0.887691,1113,X,720,886,X,187,2906,764,327366,2008_24,2906
National,X,2008,25,0.655943,0.883187,1115,X,712,855,X,160,2842,755,321789,2008_25,2842
National,X,2008,26,0.633492,0.826756,937,X,654,810,X,133,2534,730,306499,2008_26,2534
National,X,2008,27,0.571837,0.783201,913,X,575,762,X,155,2405,713,307073,2008_27,2405
National,X,2008,28,0.558278,0.78061,881,X,669,749,X,132,2431,710,311423,2008_28,2431
National,X,2008,29,0.597893,0.769073,826,X,619,703,X,171,2319,696,301532,2008_29,2319
National,X,2008,30,0.577222,0.721298,779,X,552,704,X,131,2166,694,300292,2008_30,2166
National,X,2008,31,0.596987,0.752527,788,X,599,763,X,139,2289,676,304175,2008_31,2289
National,X,2008,32,0.564653,0.752721,679,X,619,706,X,216,2220,668,294930,2008_32,2220
National,X,2008,33,0.585682,0.792766,789,X,650,745,X,184,2368,657,298701,2008_33,2368
National,X,2008,34,0.503985,0.743896,730,X,619,754,X,134,2237,657,300714,2008_34,2237
National,X,2008,35,0.468139,0.814166,794,X,616,892,X,127,2429,636,298342,2008_35,2429
National,X,2008,36,0.576455,0.838401,774,X,663,880,X,144,2461,666,293535,2008_36,2461
National,X,2008,37,0.681361,0.851124,859,X,758,994,X,177,2788,685,327567,2008_37,2788
National,X,2008,38,0.794764,1.10976,1062,X,958,1527,X,188,3735,679,336560,2008_38,3735
National,X,2008,39,0.868116,1.03114,983,X,932,1306,X,179,3400,716,329731,2008_39,3400
National,X,2008,40,1.06828,1.02284,1535,X,1476,2352,X,324,5687,1435,555999,2008_40,5687
National,X,2008,41,1.00756,1.03017,1861,X,1485,2291,X,322,5959,1500,578446,2008_41,5959
National,X,2008,42,0.979399,1.01245,1869,X,1467,2219,X,341,5896,1525,582351,2008_42,5896
National,X,2008,43,1.04943,1.08359,1976,X,1668,2474,X,367,6485,1527,598473,2008_43,6485
National,X,2008,44,1.13218,1.16578,2119,X,1869,2547,X,452,6987,1545,599343,2008_44,6987
National,X,2008,45,1.13156,1.1913,2276,X,1981,2668,X,372,7297,1555,612526,2008_45,7297
National,X,2008,46,1.15469,1.28075,2512,X,1889,2854,X,412,7667,1555,598635,2008_46,7667
National,X,2008,47,1.20448,1.27053,2600,X,1893,2828,X,412,7733,1563,608646,2008_47,7733
National,X,2008,48,1.36081,1.59578,3024,X,1741,2412,X,457,7634,1523,478386,2008_48,7634
National,X,2008,49,1.30322,1.4585,3114,X,2212,2913,X,469,8708,1551,597052,2008_49,8708
National,X,2008,50,1.30204,1.49921,3252,X,1974,3024,X,439,8689,1543,579573,2008_50,8689
National,X,2008,51,1.45109,1.62982,3137,X,1640,2579,X,456,7812,1416,479318,2008_51,7812
National,X,2008,52,1.79927,2.15561,3897,X,1947,2367,X,495,8706,1484,403876,2008_52,8706
National,X,2008,53,2.12134,2.02053,3814,X,2163,2042,X,584,8603,1490,425780,2008_53,8603
National,X,2009,1,1.47138,1.54566,3245,X,2606,2548,X,557,8956,1539,579428,2009_1,8956
National,X,2009,2,1.61555,1.64224,3142,X,2329,3345,X,473,9289,1512,565631,2009_2,9289
National,X,2009,3,1.95333,1.96524,3602,X,2821,4597,X,436,11456,1566,582932,2009_3,11456
National,X,2009,4,2.42907,2.34368,4039,X,3215,6602,X,468,14324,1554,611176,2009_4,14324
National,X,2009,5,2.96686,2.86057,4606,X,4240,8882,X,540,18268,1580,638613,2009_5,18268
National,X,2009,6,3.57354,3.3421,5064,X,4636,11215,X,752,21667,1569,648304,2009_6,21667
National,X,2009,7,3.36653,3.20566,4848,X,4685,9851,X,638,20022,1543,624583,2009_7,20022
National,X,2009,8,3.2962,3.10049,4694,X,5007,10092,X,657,20450,1544,659573,2009_8,20450
National,X,2009,9,3.17227,2.95819,4420,X,4272,9116,X,633,18441,1534,623389,2009_9,18441
National,X,2009,10,2.5804,2.46381,4046,X,3601,7446,X,618,15711,1524,637672,2009_10,15711
National,X,2009,11,2.42922,2.19272,3657,X,3002,6036,X,582,13277,1494,605503,2009_11,13277
National,X,2009,12,1.99028,1.87395,3237,X,2661,5052,X,450,11400,1470,608342,2009_12,11400
National,X,2009,13,1.72423,1.64817,2829,X,2158,4283,X,399,9669,1440,586651,2009_13,9669
National,X,2009,14,1.60355,1.49878,2577,X,2085,3407,X,391,8460,1422,564460,2009_14,8460
National,X,2009,15,1.28418,1.29233,2371,X,1727,2761,X,363,7222,1415,558837,2009_15,7222
National,X,2009,16,1.2932,1.27164,2353,X,1743,2855,X,397,7348,1445,577836,2009_16,7348
National,X,2009,17,2.74012,2.98159,4821,X,5093,8043,X,670,18627,1405,624734,2009_17,18627
National,X,2009,18,2.22391,2.43702,3920,X,3875,6221,X,562,14578,1422,598189,2009_18,14578
National,X,2009,19,1.76657,2.2813,3236,X,3018,5888,X,412,12554,1372,550300,2009_19,12554
National,X,2009,20,1.92171,3.81572,4188,X,4136,12026,X,424,20774,1331,544432,2009_20,20774
National,X,2009,21,1.8611,4.21315,4496,X,4950,12461,X,487,22394,1314,531526,2009_21,22394
National,X,2009,22,1.68423,3.17832,3865,X,4213,8615,X,412,17105,1305,538177,2009_22,17105
National,X,2009,23,1.7393,2.50972,3072,X,3276,5660,X,384,12392,1296,493761,2009_23,12392
National,X,2009,24,1.83001,2.06632,2623,X,3084,4740,X,333,10780,1280,521701,2009_24,10780
National,X,2009,25,1.58128,1.71805,2299,X,2476,3700,X,326,8801,1279,512268,2009_25,8801
National,X,2009,26,1.49172,1.55965,2145,X,2023,2893,X,361,7422,1237,475877,2009_26,7422
National,X,2009,27,1.389,1.30856,1701,X,1815,2481,X,293,6290,1246,480680,2009_27,6290
National,X,2009,28,1.34702,1.18695,1581,X,1708,2437,X,238,5964,1248,502466,2009_28,5964
National,X,2009,29,1.16056,1.13796,1608,X,1611,2285,X,231,5735,1248,503971,2009_29,5735
National,X,2009,30,1.2085,1.15005,1519,X,1575,2199,X,294,5587,1254,485804,2009_30,5587
National,X,2009,31,1.15544,1.11262,1651,X,1530,2082,X,263,5526,1230,496666,2009_31,5526
National,X,2009,32,1.14518,1.16142,1645,X,1646,2321,X,265,5877,1234,506019,2009_32,5877
National,X,2009,33,1.4664,1.64107,2167,X,2168,4210,X,396,8941,1286,544827,2009_33,8941
National,X,2009,34,2.38017,2.47166,2883,X,2977,8253,X,443,14556,1320,588916,2009_34,14556
National,X,2009,35,3.44681,3.71969,3713,X,3982,13114,X,541,21350,1358,573972,2009_35,21350
National,X,2009,36,4.05315,3.94975,4087,X,4547,13407,X,520,22561,1367,571201,2009_36,22561
National,X,2009,37,4.26621,4.08756,4445,X,5668,15326,X,652,26091,1380,638302,2009_37,26091
National,X,2009,38,4.21579,4.01897,4462,X,5252,14152,X,588,24454,1313,608464,2009_38,24454
National,X,2009,39,4.8861,4.60362,4974,X,6090,16291,X,564,27919,1331,606458,2009_39,27919
National,X,2009,40,6.06923,5.66087,9302,8554,X,27406,2255,903,48420,2056,855346,2009_40,48420
National,X,2009,41,7.09467,6.81522,11527,10271,X,32585,2800,1013,58196,2134,853912,2009_41,58196
National,X,2009,42,7.7151,7.61889,13187,12399,X,39364,3048,1070,69068,2162,906536,2009_42,69068
National,X,2009,43,7.55134,7.38836,13174,12166,X,36860,3083,1128,66411,2167,898860,2009_43,66411
National,X,2009,44,6.67118,6.33927,12161,10250,X,30860,2672,1074,57017,2197,899425,2009_44,57017
National,X,2009,45,5.20633,4.94349,10151,8174,X,21112,2314,978,42729,2191,864348,2009_45,42729
National,X,2009,46,4.04477,3.80996,8979,6163,X,14652,1843,883,32520,2157,853552,2009_46,32520
National,X,2009,47,3.49722,3.44106,7716,4378,X,8237,1406,771,22508,2146,654101,2009_47,22508
National,X,2009,48,2.69023,2.66773,7195,4259,X,7988,1470,818,21730,2122,814550,2009_48,21730
National,X,2009,49,2.47119,2.47183,6490,3588,X,7218,1314,715,19325,2093,781811,2009_49,19325
National,X,2009,50,2.44773,2.345,6275,3249,X,5785,1113,659,17081,2014,728401,2009_50,17081
National,X,2009,51,2.64594,2.71435,6078,2677,X,4127,1049,644,14575,1934,536961,2009_51,14575
National,X,2009,52,2.61567,2.67667,6598,3202,X,3726,1284,803,15613,1937,583299,2009_52,15613
National,X,2010,1,1.90712,1.98284,4998,3333,X,3961,1244,763,14299,1996,721138,2010_1,14299
National,X,2010,2,1.86738,1.82749,4877,2793,X,4614,1182,622,14088,2016,770895,2010_2,14088
National,X,2010,3,1.88072,1.92606,5399,2693,X,5079,1008,578,14757,2053,766177,2010_3,14757
National,X,2010,4,1.96908,1.92495,5333,2560,X,5655,1046,528,15122,2026,785580,2010_4,15122
National,X,2010,5,2.11387,2.08877,5816,2581,X,6142,948,550,16037,1996,767773,2010_5,16037
National,X,2010,6,2.09695,2.03434,5496,2644,X,5577,1006,658,15381,1977,756068,2010_6,15381
National,X,2010,7,1.90294,1.97649,5388,2649,X,5536,994,498,15065,1954,762208,2010_7,15065
National,X,2010,8,1.96951,1.99362,5040,2943,X,6207,1218,679,16087,1990,806925,2010_8,16087
National,X,2010,9,1.92331,1.85383,4281,2763,X,5685,1085,672,14486,1953,781411,2010_9,14486
National,X,2010,10,1.89659,1.8673,4612,2660,X,5270,1112,700,14354,1946,768702,2010_10,14354
National,X,2010,11,1.75181,1.69987,4063,2468,X,4466,976,628,12601,1933,741293,2010_11,12601
National,X,2010,12,1.52632,1.49741,3625,2097,X,4108,827,534,11191,1917,747358,2010_12,11191
National,X,2010,13,1.49572,1.45112,3408,1954,X,3733,736,528,10359,1875,713863,2010_13,10359
National,X,2010,14,1.22313,1.20715,3090,1718,X,2933,644,428,8813,1850,730068,2010_14,8813
National,X,2010,15,1.17754,1.17415,3117,1572,X,3110,598,404,8801,1831,749563,2010_15,8801
National,X,2010,16,1.09112,1.16207,2921,1461,X,3044,522,414,8362,1765,719580,2010_16,8362
National,X,2010,17,1.11958,1.17213,3081,1435,X,2972,557,395,8440,1755,720054,2010_17,8440
National,X,2010,18,1.08169,1.12168,2781,1385,X,2901,482,365,7914,1710,705551,2010_18,7914
National,X,2010,19,1.12497,1.14981,2851,1363,X,2645,491,347,7697,1664,669414,2010_19,7697
National,X,2010,20,1.06197,1.13328,2816,1364,X,2553,498,372,7603,1624,670887,2010_20,7603
National,X,2010,21,1.08909,1.08171,2636,1235,X,2188,445,349,6853,1497,633532,2010_21,6853
National,X,2010,22,1.1776,1.19959,2413,1212,X,2172,463,335,6595,1421,549773,2010_22,6595
National,X,2010,23,0.97493,0.952808,2147,1081,X,1831,374,322,5755,1435,604004,2010_23,5755
National,X,2010,24,0.987132,0.916032,1975,978,X,1784,339,240,5316,1405,580329,2010_24,5316
National,X,2010,25,0.995991,0.926582,2027,882,X,1779,397,249,5334,1384,575664,2010_25,5334
National,X,2010,26,0.904726,0.86962,1754,862,X,1541,323,238,4718,1347,542536,2010_26,4718
National,X,2010,27,0.941927,0.903133,1753,816,X,1566,334,222,4691,1353,519414,2010_27,4691
National,X,2010,28,0.880415,0.773776,1458,819,X,1450,298,209,4234,1284,547187,2010_28,4234
National,X,2010,29,0.842615,0.742774,1323,759,X,1335,335,198,3950,1265,531790,2010_29,3950
National,X,2010,30,0.858382,0.730934,1290,805,X,1279,302,174,3850,1250,526723,2010_30,3850
National,X,2010,31,0.83383,0.786882,1381,839,X,1357,291,209,4077,1241,518121,2010_31,4077
National,X,2010,32,0.847437,0.763051,1378,809,X,1307,300,214,4008,1212,525260,2010_32,4008
National,X,2010,33,0.888273,0.841043,1485,883,X,1592,360,198,4518,1225,537190,2010_33,4518
National,X,2010,34,0.765372,0.791573,1520,811,X,1592,295,202,4420,1235,558382,2010_34,4420
National,X,2010,35,0.91858,0.912732,1564,1019,X,1866,354,204,5007,1170,548573,2010_35,5007
National,X,2010,36,1.01432,1.03398,1850,1076,X,1959,374,234,5493,1198,531250,2010_36,5493
National,X,2010,37,1.01233,0.934009,1720,1061,X,2118,358,253,5510,1210,589930,2010_37,5510
National,X,2010,38,1.11803,1.08189,2134,1291,X,2510,480,326,6741,1206,623077,2010_38,6741
National,X,2010,39,1.11806,1.06563,1995,1269,X,2383,446,294,6387,1254,599366,2010_39,6387
National,X,2010,40,1.10939,1.13505,2627,1677,X,3142,627,400,8473,1838,746485,2010_40,8473
National,X,2010,41,1.24341,1.25256,2953,1779,X,3522,649,444,9347,1875,746230,2010_41,9347
National,X,2010,42,1.25726,1.2457,3044,1898,X,3641,690,411,9684,1907,777397,2010_42,9684
National,X,2010,43,1.25734,1.26774,3226,1754,X,3822,682,420,9904,1929,781234,2010_43,9904
National,X,2010,44,1.43414,1.43723,3451,1981,X,4397,736,455,11020,1947,766753,2010_44,11020
National,X,2010,45,1.51838,1.53341,3927,1956,X,4679,734,511,11807,1940,769982,2010_45,11807
National,X,2010,46,1.61617,1.69445,4416,2327,X,5322,774,497,13336,1921,787038,2010_46,13336
National,X,2010,47,1.84378,1.9915,4598,2043,X,4145,743,550,12079,1938,606527,2010_47,12079
National,X,2010,48,1.72535,1.81305,5045,2440,X,4978,915,619,13997,1964,772016,2010_48,13997
National,X,2010,49,1.87923,2.01426,5060,2511,X,5867,893,627,14958,1936,742606,2010_49,14958
National,X,2010,50,2.3371,2.55659,6300,2847,X,7194,1031,650,18022,1916,704923,2010_50,18022
National,X,2010,51,3.03533,3.38185,7295,3433,X,7071,1262,838,19899,1840,588406,2010_51,19899
National,X,2010,52,3.136,3.43172,7478,4455,X,5764,1581,1068,20346,1887,592880,2010_52,20346
National,X,2011,1,2.53336,2.69151,6584,4455,X,6342,1586,1059,20026,1923,744043,2011_1,20026
National,X,2011,2,2.91288,2.91063,6238,4220,X,7773,1537,953,20721,1921,711908,2011_2,20721
National,X,2011,3,3.44497,3.49232,7247,5095,X,11243,1734,938,26257,1964,751850,2011_3,26257
National,X,2011,4,4.16185,4.0037,8007,5952,X,15291,1794,931,31975,1947,798637,2011_4,31975
National,X,2011,5,4.55159,4.43534,8195,6536,X,16366,1990,1197,34284,1970,772974,2011_5,34284
National,X,2011,6,4.46504,4.24215,8036,6812,X,16516,1996,1096,34456,1961,812230,2011_6,34456
National,X,2011,7,4.55124,4.39719,8172,7257,X,17493,2352,1293,36567,1910,831600,2011_7,36567
National,X,2011,8,4.0822,3.90256,7839,6425,X,13718,2028,1267,31277,1908,801449,2011_8,31277
National,X,2011,9,3.38812,3.15073,6376,4869,X,10496,1740,1146,24627,1860,781629,2011_9,24627
National,X,2011,10,2.99142,2.72422,5691,3939,X,8427,1421,899,20377,1829,747993,2011_10,20377
National,X,2011,11,2.61542,2.33336,5363,3265,X,6702,1175,804,17309,1823,741807,2011_11,17309
National,X,2011,12,2.09065,1.925,4400,2551,X,5489,978,613,14031,1790,728883,2011_12,14031
National,X,2011,13,1.86146,1.75243,4189,2244,X,5025,877,622,12957,1770,739375,2011_13,12957
National,X,2011,14,1.61377,1.57704,3701,1985,X,4557,747,508,11498,1723,729089,2011_14,11498
National,X,2011,15,1.42199,1.35766,3164,1574,X,3562,641,450,9391,1681,691707,2011_15,9391
National,X,2011,16,1.3382,1.31223,3139,1505,X,3064,559,428,8695,1651,662612,2011_16,8695
National,X,2011,17,1.19995,1.14937,2895,1324,X,2673,555,383,7830,1612,681240,2011_17,7830
National,X,2011,18,1.14889,1.11451,2532,1305,X,2553,524,393,7307,1585,655627,2011_18,7307
National,X,2011,19,1.12194,1.10984,2551,1254,X,2595,485,351,7236,1556,651983,2011_19,7236
National,X,2011,20,1.06712,1.0524,2353,1131,X,2280,461,305,6530,1516,620485,2011_20,6530
National,X,2011,21,1.05058,1.03536,2213,1045,X,2110,405,299,6072,1381,586460,2011_21,6072
National,X,2011,22,1.15203,1.11777,2249,1013,X,1980,397,307,5946,1357,531954,2011_22,5946
National,X,2011,23,0.970975,0.982949,2040,1037,X,1760,432,278,5547,1296,564322,2011_23,5547
National,X,2011,24,0.894683,0.925194,1812,911,X,1599,405,262,4989,1279,539238,2011_24,4989
National,X,2011,25,0.843568,0.835531,1604,870,X,1422,308,244,4448,1251,532356,2011_25,4448
National,X,2011,26,0.815409,0.832393,1472,750,X,1462,324,210,4218,1225,506732,2011_26,4218
National,X,2011,27,0.823052,0.855591,1423,823,X,1269,270,224,4009,1211,468565,2011_27,4009
National,X,2011,28,0.674635,0.706949,1255,756,X,1206,316,188,3721,1220,526346,2011_28,3721
National,X,2011,29,0.631883,0.694387,1243,733,X,1184,259,178,3597,1203,518011,2011_29,3597
National,X,2011,30,0.641513,0.687976,1251,667,X,1188,263,169,3538,1179,514262,2011_30,3538
National,X,2011,31,0.529813,0.644743,1088,635,X,1125,203,151,3202,1175,496632,2011_31,3202
National,X,2011,32,0.644089,0.67533,1207,704,X,1223,231,158,3523,1175,521671,2011_32,3523
National,X,2011,33,0.667718,0.72823,1342,767,X,1358,241,166,3874,1191,531975,2011_33,3874
National,X,2011,34,0.705668,0.806526,1505,814,X,1600,305,220,4444,1195,551005,2011_34,4444
National,X,2011,35,0.804155,0.860408,1528,887,X,1781,308,213,4717,1200,548228,2011_35,4717
National,X,2011,36,0.907804,0.936075,1622,904,X,1809,293,185,4813,1184,514168,2011_36,4813
National,X,2011,37,1.00555,0.966683,1788,1022,X,2206,346,205,5567,1196,575887,2011_37,5567
National,X,2011,38,1.03601,0.996007,1816,1126,X,2264,374,242,5822,1201,584534,2011_38,5822
National,X,2011,39,1.07583,1.10846,2248,1253,X,2514,449,244,6708,1213,605162,2011_39,6708
National,X,2011,40,1.16092,1.20345,3106,1765,X,3485,632,377,9365,1850,778182,2011_40,9365
National,X,2011,41,1.19785,1.23777,3317,1777,X,3667,672,370,9803,1883,791987,2011_41,9803
National,X,2011,42,1.27926,1.25259,3324,1763,X,3837,655,379,9958,1905,794995,2011_42,9958
National,X,2011,43,1.29194,1.30546,3453,1773,X,4035,657,380,10298,1900,788840,2011_43,10298
National,X,2011,44,1.42824,1.45295,3634,1957,X,4658,760,387,11396,1925,784334,2011_44,11396
National,X,2011,45,1.39803,1.44089,3949,2072,X,4348,671,456,11496,1946,797839,2011_45,11496
National,X,2011,46,1.45831,1.46221,3923,2166,X,4361,797,474,11721,1900,801594,2011_46,11721
National,X,2011,47,1.56548,1.65573,4125,1803,X,3340,679,430,10377,1918,626731,2011_47,10377
National,X,2011,48,1.34313,1.46606,4237,2059,X,3955,815,413,11479,1904,782984,2011_48,11479
National,X,2011,49,1.48139,1.51811,3995,1938,X,4040,772,442,11187,1898,736905,2011_49,11187
National,X,2011,50,1.63398,1.66429,4579,2077,X,4097,838,546,12137,1872,729258,2011_50,12137
National,X,2011,51,1.83126,1.85274,5016,2068,X,3535,818,521,11958,1851,645424,2011_51,11958
National,X,2011,52,2.10451,2.12413,5243,2315,X,3184,946,668,12356,1821,581697,2011_52,12356
National,X,2012,1,1.73625,1.76709,4514,2342,X,3393,1028,715,11992,1891,678631,2012_1,11992
National,X,2012,2,1.55066,1.5434,4059,2319,X,3636,918,611,11543,1883,747894,2012_2,11543
National,X,2012,3,1.62891,1.64762,4364,2247,X,4030,800,498,11939,1887,724623,2012_3,11939
National,X,2012,4,1.76038,1.6843,4766,2303,X,4802,825,513,13209,1891,784244,2012_4,13209
National,X,2012,5,1.92728,1.86354,5218,2415,X,5336,915,564,14448,1885,775298,2012_5,14448
National,X,2012,6,1.91994,1.86408,5028,2582,X,5555,894,565,14624,1875,784516,2012_6,14624
National,X,2012,7,2.09951,2.01839,5277,2937,X,5994,1054,667,15929,1884,789193,2012_7,15929
National,X,2012,8,2.23973,2.10385,5246,3009,X,5990,1131,761,16137,1853,767022,2012_8,16137
National,X,2012,9,2.21921,2.09555,5219,3141,X,6239,1153,766,16518,1826,788242,2012_9,16518
National,X,2012,10,2.16693,2.10398,4811,2832,X,6493,998,629,15763,1816,749198,2012_10,15763
National,X,2012,11,2.38913,2.2941,5175,3321,X,6768,1185,701,17150,1819,747570,2012_11,17150
National,X,2012,12,1.96466,1.92223,4422,2822,X,5683,988,609,14524,1780,755579,2012_12,14524
National,X,2012,13,1.84229,1.74239,3807,2485,X,5256,920,549,13017,1753,747079,2012_13,13017
National,X,2012,14,1.68674,1.67601,3582,2306,X,4631,839,572,11930,1729,711808,2012_14,11930
National,X,2012,15,1.53136,1.49637,3253,2109,X,4059,767,544,10732,1707,717202,2012_15,10732
National,X,2012,16,1.37912,1.38202,3001,1990,X,4020,719,393,10123,1699,732480,2012_16,10123
National,X,2012,17,1.29515,1.28926,2638,1831,X,3802,664,435,9370,1675,726772,2012_17,9370
National,X,2012,18,1.39521,1.35803,2509,1728,X,3671,636,455,8999,1564,662649,2012_18,8999
National,X,2012,19,1.32522,1.30833,2524,1559,X,3468,606,419,8576,1546,655492,2012_19,8576
National,X,2012,20,1.23059,1.26692,2465,1547,X,3087,588,375,8062,1503,636347,2012_20,8062
National,X,2012,21,1.23028,1.27731,2545,1461,X,3011,483,378,7878,1415,616765,2012_21,7878
National,X,2012,22,1.26877,1.2991,2480,1276,X,2601,446,350,7153,1409,550614,2012_22,7153
National,X,2012,23,1.10782,1.16297,2336,1281,X,2352,458,338,6765,1365,581700,2012_23,6765
National,X,2012,24,1.09559,1.08612,2231,1150,X,2024,428,300,6133,1289,564670,2012_24,6133
National,X,2012,25,1.11031,1.0568,2259,1119,X,1974,411,285,6048,1295,572296,2012_25,6048
National,X,2012,26,1.10616,1.07871,2168,1058,X,1850,422,288,5786,1260,536380,2012_26,5786
National,X,2012,27,1.10816,1.04662,1911,1013,X,1706,388,273,5291,1271,505533,2012_27,5291
National,X,2012,28,0.999444,0.928152,1913,964,X,1751,337,220,5185,1240,558637,2012_28,5185
National,X,2012,29,0.924199,0.901936,1818,914,X,1640,318,241,4931,1223,546713,2012_29,4931
National,X,2012,30,0.949257,0.915356,1752,975,X,1721,372,283,5103,1250,557488,2012_30,5103
National,X,2012,31,0.978903,0.952548,1728,1050,X,1706,408,267,5159,1240,541600,2012_31,5159
National,X,2012,32,0.925024,0.916661,1660,989,X,1718,375,284,5026,1248,548294,2012_32,5026
National,X,2012,33,0.848456,0.901787,1721,986,X,1755,357,232,5051,1238,560110,2012_33,5051
National,X,2012,34,1.04451,1.03315,2098,1194,X,2128,425,296,6141,1238,594395,2012_34,6141
National,X,2012,35,1.0986,1.05238,1958,1305,X,2335,443,277,6318,1238,600354,2012_35,6318
National,X,2012,36,1.22071,1.12713,1886,1317,X,2294,481,318,6296,1242,558585,2012_36,6296
National,X,2012,37,1.24976,1.1866,2176,1408,X,2870,513,415,7382,1252,622114,2012_37,7382
National,X,2012,38,1.22892,1.21415,2295,1530,X,2972,511,348,7656,1268,630563,2012_38,7656
National,X,2012,39,1.29393,1.25198,2421,1546,X,2867,575,398,7807,1248,623572,2012_39,7807
National,X,2012,40,1.23034,1.20559,2773,1814,X,3691,702,415,9395,1932,779285,2012_40,9395
National,X,2012,41,1.3278,1.31929,2960,1957,X,4007,745,489,10158,1940,769959,2012_41,10158
National,X,2012,42,1.33995,1.32737,3202,1902,X,4233,760,488,10585,1968,797444,2012_42,10585
National,X,2012,43,1.37842,1.36688,3346,2012,X,4268,771,516,10913,1958,798388,2012_43,10913
National,X,2012,44,1.50085,1.50535,3326,2032,X,4422,797,484,11061,1929,734781,2012_44,11061
National,X,2012,45,1.65163,1.61273,3733,2330,X,5145,925,541,12674,1974,785871,2012_45,12674
National,X,2012,46,1.76746,1.75208,4034,2569,X,5526,897,597,13623,1966,777534,2012_46,13623
National,X,2012,47,2.30609,2.33365,4651,2824,X,5387,1105,683,14650,1968,627772,2012_47,14650
National,X,2012,48,2.16352,2.22697,5102,3950,X,7018,1498,953,18521,2005,831670,2012_48,18521
National,X,2012,49,2.83038,2.97657,6486,4672,X,10857,1791,1071,24877,2006,835762,2012_49,24877
National,X,2012,50,3.43761,3.62552,7446,5692,X,12945,2087,1262,29432,1977,811800,2012_50,29432
National,X,2012,51,4.30554,4.5532,8546,7437,X,13971,2730,1648,34332,1908,754019,2012_51,34332
National,X,2012,52,6.06082,6.02598,9709,9295,X,11391,3639,2554,36588,1905,607171,2012_52,36588
National,X,2013,1,4.64931,4.96368,8444,9679,X,9108,4080,2792,34103,1982,687051,2013_1,34103
National,X,2013,2,4.32584,4.69072,8297,10877,X,13424,4502,2796,39896,1995,850531,2013_2,39896
National,X,2013,3,4.51113,4.70473,8633,8977,X,15992,3523,2316,39441,2008,838326,2013_3,39441
National,X,2013,4,4.2171,4.1646,7441,7021,X,13439,2760,1765,32426,1978,778610,2013_4,32426
National,X,2013,5,3.78956,3.69533,6609,6421,X,12653,2551,1574,29808,1963,806640,2013_5,29808
National,X,2013,6,3.29206,3.2363,5757,5236,X,10816,1971,1207,24987,1931,772086,2013_6,24987
National,X,2013,7,3.0197,2.89421,5289,4698,X,9395,1894,1045,22321,1926,771229,2013_7,22321
National,X,2013,8,2.71499,2.71742,5099,4357,X,8415,1625,1023,20519,1940,755092,2013_8,20519
National,X,2013,9,2.4845,2.52297,4633,4030,X,7981,1619,968,19231,1893,762238,2013_9,19231
National,X,2013,10,2.57808,2.55227,4791,3935,X,7709,1536,858,18829,1884,737736,2013_10,18829
National,X,2013,11,2.39237,2.43225,4480,3606,X,7065,1352,889,17392,1846,715059,2013_11,17392
National,X,2013,12,2.06778,2.10851,3957,3191,X,6095,1270,741,15254,1825,723449,2013_12,15254
National,X,2013,13,1.90281,1.94725,3830,2924,X,5204,1124,632,13714,1811,704276,2013_13,13714
National,X,2013,14,1.65902,1.74859,3516,2677,X,4299,1106,675,12273,1769,701881,2013_14,12273
National,X,2013,15,1.43006,1.49713,3110,2219,X,3929,957,603,10818,1742,722583,2013_15,10818
National,X,2013,16,1.27757,1.32313,2707,1757,X,3509,724,491,9188,1732,694415,2013_16,9188
National,X,2013,17,1.19009,1.22647,2588,1630,X,3364,582,425,8589,1711,700300,2013_17,8589
National,X,2013,18,1.09556,1.19614,2439,1470,X,3142,565,370,7986,1675,667648,2013_18,7986
National,X,2013,19,1.08589,1.19049,2422,1474,X,2877,570,361,7704,1630,647130,2013_19,7704
National,X,2013,20,1.07343,1.17426,2431,1345,X,2583,565,393,7317,1582,623114,2013_20,7317
National,X,2013,21,1.01677,1.13342,2230,1279,X,2219,493,368,6589,1489,581338,2013_21,6589
National,X,2013,22,1.04847,1.14306,2109,1147,X,2094,483,357,6190,1486,541528,2013_22,6190
National,X,2013,23,0.920349,1.00881,1983,1086,X,1779,460,330,5638,1421,558875,2013_23,5638
National,X,2013,24,0.920779,1.02358,1969,1112,X,1713,468,277,5539,1419,541138,2013_24,5539
National,X,2013,25,0.904333,1.00138,1877,1040,X,1766,489,302,5474,1405,546643,2013_25,5474
National,X,2013,26,0.83057,0.909498,1703,947,X,1581,399,285,4915,1389,540408,2013_26,4915
National,X,2013,27,0.862837,0.950042,1594,851,X,1489,321,251,4506,1357,474295,2013_27,4506
National,X,2013,28,0.732182,0.829299,1576,862,X,1491,362,219,4510,1362,543833,2013_28,4510
National,X,2013,29,0.724558,0.802109,1432,849,X,1405,315,185,4186,1341,521874,2013_29,4186
National,X,2013,30,0.740848,0.806333,1416,800,X,1464,332,221,4233,1325,524969,2013_30,4233
National,X,2013,31,0.726037,0.796937,1216,852,X,1284,350,184,3886,1290,487617,2013_31,3886
National,X,2013,32,0.755639,0.779136,1367,870,X,1338,302,198,4075,1299,523015,2013_32,4075
National,X,2013,33,0.761847,0.797653,1364,919,X,1366,331,188,4168,1276,522533,2013_33,4168
National,X,2013,34,0.779896,0.825485,1331,892,X,1561,301,232,4317,1265,522965,2013_34,4317
National,X,2013,35,0.899138,0.935469,1499,1014,X,1814,410,316,5053,1260,540157,2013_35,5053
National,X,2013,36,0.999524,1.04345,1681,1137,X,2035,462,311,5626,1317,539175,2013_36,5626
National,X,2013,37,1.0558,1.09107,1926,1217,X,2437,440,354,6374,1307,584196,2013_37,6374
National,X,2013,38,1.0967,1.20108,2175,1350,X,2683,537,365,7110,1290,591969,2013_38,7110
National,X,2013,39,1.24709,1.26179,2393,1500,X,2963,648,459,7963,1364,631088,2013_39,7963
National,X,2013,40,1.15746,1.13249,2974,1840,X,3769,638,456,9677,1960,854487,2013_40,9677
National,X,2013,41,1.27184,1.21121,3276,1924,X,3925,762,533,10420,1990,860298,2013_41,10420
National,X,2013,42,1.31623,1.25682,3483,2010,X,3880,785,500,10658,2018,848016,2013_42,10658
National,X,2013,43,1.37444,1.37097,3930,2292,X,4484,816,514,12036,2027,877917,2013_43,12036
National,X,2013,44,1.46781,1.42956,4045,2354,X,4642,930,531,12502,2028,874537,2013_44,12502
National,X,2013,45,1.5834,1.53588,4434,2511,X,5062,953,538,13498,2017,878845,2013_45,13498
National,X,2013,46,1.60253,1.60267,4643,2716,X,5000,990,578,13927,2054,868987,2013_46,13927
National,X,2013,47,1.72344,1.73267,4835,3088,X,5579,1083,583,15168,2012,875411,2013_47,15168
National,X,2013,48,2.11056,2.09839,4937,3027,X,4313,1059,639,13975,2043,665986,2013_48,13975
National,X,2013,49,2.1708,2.21374,5549,4375,X,6579,1552,865,18920,2055,854664,2013_49,18920
National,X,2013,50,2.36971,2.41674,5501,4458,X,7046,1591,802,19398,2054,802651,2013_50,19398
National,X,2013,51,3.15997,3.03071,6555,6525,X,8406,2272,939,24697,2009,814891,2013_51,24697
National,X,2013,52,4.59053,4.38724,7814,7499,X,7485,2874,1316,26988,2007,615148,2013_52,26988
National,X,2014,1,4.28195,4.2112,7488,9135,X,6726,3555,1750,28654,2033,680424,2014_1,28654
National,X,2014,2,3.56288,3.46492,6233,8846,X,7881,3565,1622,28147,2059,812343,2014_2,28147
National,X,2014,3,3.36378,3.31698,6007,8091,X,9517,3149,1606,28370,2049,855297,2014_3,28370
National,X,2014,4,3.39659,3.2407,5878,6818,X,8858,2616,1332,25502,2062,786928,2014_4,25502
National,X,2014,5,3.11922,2.88598,5133,6031,X,8714,2403,1203,23484,2051,813726,2014_5,23484
National,X,2014,6,2.83572,2.62172,4729,5278,X,7711,2242,1125,21085,2051,804244,2014_6,21085
National,X,2014,7,2.48484,2.34067,4210,4470,X,6717,1829,969,18195,2018,777340,2014_7,18195
National,X,2014,8,2.2741,2.12059,4250,4306,X,6121,1684,873,17234,2025,812700,2014_8,17234
National,X,2014,9,2.07244,1.91094,3953,3691,X,5875,1505,890,15914,1978,832786,2014_9,15914
National,X,2014,10,1.98207,1.9023,3775,3472,X,5575,1430,792,15044,1944,790831,2014_10,15044
National,X,2014,11,1.82441,1.76619,3616,3210,X,5022,1360,816,14024,1904,794024,2014_11,14024
National,X,2014,12,1.82036,1.85791,3798,3285,X,5611,1422,810,14926,1922,803374,2014_12,14926
National,X,2014,13,1.75391,1.82094,3523,3256,X,5812,1298,772,14661,1887,805133,2014_13,14661
National,X,2014,14,1.74542,1.83453,3582,3153,X,5659,1436,807,14637,1866,797863,2014_14,14637
National,X,2014,15,1.67236,1.75446,3574,2943,X,5587,1316,786,14206,1845,809707,2014_15,14206
National,X,2014,16,1.51659,1.51636,3130,2516,X,4279,1088,710,11723,1810,773101,2014_16,11723
National,X,2014,17,1.44778,1.40334,2846,2504,X,3770,1036,658,10814,1771,770592,2014_17,10814
National,X,2014,18,1.29028,1.2593,2501,2084,X,3591,913,559,9648,1746,766139,2014_18,9648
National,X,2014,19,1.37388,1.32482,2789,2009,X,3615,834,528,9775,1714,737834,2014_19,9775
National,X,2014,20,1.34208,1.27576,2544,1876,X,3256,825,532,9033,1660,708049,2014_20,9033
National,X,2014,21,1.34563,1.29483,2733,1742,X,3068,771,483,8797,1570,679395,2014_21,8797
National,X,2014,22,1.21291,1.2261,2528,1542,X,2459,625,504,7658,1554,624582,2014_22,7658
National,X,2014,23,1.19291,1.14538,2383,1492,X,2349,607,398,7229,1461,631143,2014_23,7229
National,X,2014,24,1.14146,1.0678,2227,1413,X,2181,561,401,6783,1461,635233,2014_24,6783
National,X,2014,25,1.06503,1.07269,2159,1285,X,2009,528,388,6369,1392,593740,2014_25,6369
National,X,2014,26,1.12669,1.01298,2049,1235,X,1917,509,328,6038,1411,596063,2014_26,6038
National,X,2014,27,0.947353,0.994705,1865,1075,X,1688,416,308,5352,1388,538049,2014_27,5352
National,X,2014,28,0.944187,0.880862,1758,1122,X,1623,441,351,5295,1394,601116,2014_28,5295
National,X,2014,29,0.934822,0.858173,1582,1116,X,1621,403,361,5083,1376,592305,2014_29,5083
National,X,2014,30,0.81736,0.805152,1455,1128,X,1450,398,334,4765,1372,591814,2014_30,4765
National,X,2014,31,0.852792,0.818781,1450,1094,X,1655,417,326,4942,1378,603580,2014_31,4942
National,X,2014,32,0.746994,0.783735,1460,1074,X,1528,409,273,4744,1382,605307,2014_32,4744
National,X,2014,33,0.761098,0.848703,1528,1107,X,1631,403,311,4980,1369,586778,2014_33,4980
National,X,2014,34,0.767627,0.834146,1569,1196,X,1813,412,315,5305,1371,635980,2014_34,5305
National,X,2014,35,0.862176,0.905981,1684,1223,X,2184,401,307,5799,1353,640080,2014_35,5799
National,X,2014,36,0.984907,1.04506,1753,1284,X,2258,453,302,6050,1352,578913,2014_36,6050
National,X,2014,37,1.16287,1.16816,2300,1550,X,3316,568,396,8130,1401,695966,2014_37,8130
National,X,2014,38,1.22731,1.27649,2535,1705,X,3650,605,393,8888,1405,696282,2014_38,8888
National,X,2014,39,1.2071,1.29758,2522,1820,X,3447,657,428,8874,1407,683887,2014_39,8874
National,X,2014,40,1.18239,1.22372,2985,2056,X,4078,725,530,10374,1988,847743,2014_40,10374
National,X,2014,41,1.34652,1.3478,3125,2209,X,4534,866,563,11297,2010,838183,2014_41,11297
National,X,2014,42,1.39053,1.42392,3483,2377,X,4805,880,581,12126,2045,851592,2014_42,12126
National,X,2014,43,1.44945,1.43585,3486,2520,X,5027,906,535,12474,2055,868755,2014_43,12474
National,X,2014,44,1.44431,1.44871,3652,2316,X,5172,815,535,12490,2097,862144,2014_44,12490
National,X,2014,45,1.65108,1.62794,4303,2421,X,5878,889,611,14102,2098,866246,2014_45,14102
National,X,2014,46,1.64689,1.66084,4433,2332,X,5836,916,592,14109,2028,849511,2014_46,14109
National,X,2014,47,2.09086,2.03063,4765,3025,X,7449,1078,650,16967,2090,835555,2014_47,16967
National,X,2014,48,2.58978,2.65643,5468,3401,X,6964,1188,890,17911,2100,674251,2014_48,17911
National,X,2014,49,2.57981,2.63149,6206,4765,X,9220,1812,1244,23247,2133,883417,2014_49,23247
National,X,2014,50,3.65962,3.45305,7455,5429,X,13259,2012,1472,29627,2104,857996,2014_50,29627
National,X,2014,51,4.96847,4.50079,9311,7066,X,16573,2725,2125,37800,2049,839853,2014_51,37800
National,X,2014,52,5.99638,6.11819,10383,9019,X,13994,3729,3539,40664,2010,664641,2014_52,40664
National,X,2014,53,5.51403,5.33711,9771,9477,X,9502,4342,4146,37238,2016,697718,2014_53,37238
National,X,2015,1,4.23597,4.09049,7183,8229,X,9709,3673,3076,31870,1990,779124,2015_1,31870
National,X,2015,2,4.25906,3.97007,7078,7115,X,12121,2953,2346,31613,1998,796284,2015_2,31613
National,X,2015,3,4.25894,4.16348,7869,6616,X,14107,2996,2042,33630,1992,807737,2015_3,33630
National,X,2015,4,3.96436,3.87995,7148,5971,X,13289,2609,1926,30943,1980,797511,2015_4,30943
National,X,2015,5,3.62255,3.45752,6683,5511,X,12252,2428,1689,28563,1980,826112,2015_5,28563
National,X,2015,6,3.25951,3.07142,6449,5022,X,10450,2114,1542,25577,1948,832742,2015_6,25577
National,X,2015,7,2.97443,2.86241,5575,4423,X,8271,1895,1305,21469,1936,750032,2015_7,21469
National,X,2015,8,2.57971,2.38197,4861,4172,X,7391,1803,1285,19512,1968,819154,2015_8,19512
National,X,2015,9,2.51744,2.36643,4659,4036,X,7265,1733,1095,18788,1935,793940,2015_9,18788
National,X,2015,10,2.40365,2.24152,4742,3776,X,6832,1704,1089,18143,1927,809407,2015_10,18143
National,X,2015,11,2.20952,2.10069,4584,3576,X,6188,1617,1023,16988,1904,808688,2015_11,16988
National,X,2015,12,2.08501,2.04023,4436,3389,X,6126,1519,955,16425,1866,805058,2015_12,16425
National,X,2015,13,1.99699,1.96781,4207,3050,X,5730,1350,916,15253,1838,775126,2015_13,15253
National,X,2015,14,1.75992,1.77159,3925,2992,X,4728,1440,903,13988,1839,789571,2015_14,13988
National,X,2015,15,1.58133,1.53301,3470,2535,X,4309,1203,794,12311,1830,803059,2015_15,12311
National,X,2015,16,1.40304,1.45004,3200,2100,X,4055,995,671,11021,1789,760046,2015_16,11021
National,X,2015,17,1.49285,1.47939,3222,2190,X,4368,910,621,11311,1775,764572,2015_17,11311
National,X,2015,18,1.42422,1.45612,3139,2163,X,4171,866,607,10946,1759,751726,2015_18,10946
National,X,2015,19,1.38085,1.37686,2819,1876,X,3734,837,625,9891,1711,718374,2015_19,9891
National,X,2015,20,1.29095,1.35864,2802,1841,X,3390,768,488,9289,1645,683700,2015_20,9289
National,X,2015,21,1.2689,1.32292,2611,1557,X,2834,684,514,8200,1611,619839,2015_21,8200
National,X,2015,22,1.23618,1.17496,2235,1440,X,2463,617,472,7227,1539,615084,2015_22,7227
National,X,2015,23,1.10196,1.1445,2125,1424,X,2409,611,465,7034,1485,614592,2015_23,7034
National,X,2015,24,0.991186,1.00715,1748,1266,X,2158,517,419,6108,1489,606462,2015_24,6108
National,X,2015,25,0.986438,1.03642,1912,1258,X,2032,522,446,6170,1476,595316,2015_25,6170
National,X,2015,26,0.986662,1.01623,1692,1143,X,1781,453,386,5455,1445,536787,2015_26,5455
National,X,2015,27,0.903832,0.897493,1561,1156,X,1761,471,380,5329,1457,593765,2015_27,5329
National,X,2015,28,0.847875,0.857995,1505,1109,X,1698,428,342,5082,1448,592311,2015_28,5082
National,X,2015,29,0.7889,0.837546,1426,1106,X,1600,445,331,4908,1439,585998,2015_29,4908
National,X,2015,30,0.784654,0.840539,1424,1083,X,1540,448,303,4798,1386,570824,2015_30,4798
National,X,2015,31,0.786636,0.85527,1413,1110,X,1688,441,330,4982,1398,582506,2015_31,4982
National,X,2015,32,0.837102,0.850177,1342,1142,X,1770,421,296,4971,1374,584702,2015_32,4971
National,X,2015,33,0.85255,0.88041,1454,1211,X,1916,462,366,5409,1390,614373,2015_33,5409
National,X,2015,34,0.855974,0.916136,1686,1213,X,2111,450,362,5822,1388,635495,2015_34,5822
National,X,2015,35,0.910364,0.996053,1653,1327,X,2420,510,330,6240,1386,626473,2015_35,6240
National,X,2015,36,0.95371,1.07391,1729,1398,X,2310,499,345,6281,1381,584872,2015_36,6281
National,X,2015,37,1.07347,1.13321,2021,1506,X,2897,587,409,7420,1401,654777,2015_37,7420
National,X,2015,38,1.13914,1.23336,2200,1668,X,3121,663,447,8099,1396,656663,2015_38,8099
National,X,2015,39,1.14961,1.24307,2207,1830,X,2936,720,428,8121,1361,653303,2015_39,8121
National,X,2015,40,1.27228,1.26479,2866,2058,X,3744,897,626,10191,1970,805746,2015_40,10191
National,X,2015,41,1.33841,1.33029,2996,2085,X,3976,907,676,10640,1979,799825,2015_41,10640
National,X,2015,42,1.40045,1.41368,3255,2354,X,4346,950,651,11556,1998,817441,2015_42,11556
National,X,2015,43,1.39238,1.36882,3135,2255,X,4140,926,693,11149,2005,814500,2015_43,11149
National,X,2015,44,1.47952,1.48309,3587,2457,X,4775,937,694,12450,2054,839465,2015_44,12450
National,X,2015,45,1.54532,1.54494,3731,2509,X,4712,941,742,12635,2030,817831,2015_45,12635
National,X,2015,46,1.64238,1.62532,3952,2658,X,5067,1025,768,13470,2027,828761,2015_46,13470
National,X,2015,47,1.94444,1.91565,3959,2426,X,4054,981,703,12123,2002,632839,2015_47,12123
National,X,2015,48,1.72387,1.74368,4459,3008,X,5071,1232,829,14599,2046,837250,2015_48,14599
National,X,2015,49,1.83466,1.83277,4590,2900,X,5373,1251,873,14987,2025,817723,2015_49,14987
National,X,2015,50,1.92413,1.9781,5111,2950,X,5090,1251,936,15338,1995,775392,2015_50,15338
National,X,2015,51,2.36367,2.42502,5355,2871,X,4297,1248,998,14769,1981,609027,2015_51,14769
National,X,2015,52,2.46448,2.42004,5681,3257,X,4000,1516,1169,15623,1952,645567,2015_52,15623
National,X,2016,1,1.9951,2.00413,4768,3593,X,4485,1631,1158,15635,2005,780140,2016_1,15635
National,X,2016,2,2.04124,2.00081,4559,3163,X,5348,1371,1011,15452,2006,772288,2016_2,15452
National,X,2016,3,2.15824,2.1187,4760,3205,X,5340,1291,950,15546,2001,733753,2016_3,15546
National,X,2016,4,2.28139,2.19506,5074,3603,X,6848,1551,1004,18080,2028,823667,2016_4,18080
National,X,2016,5,2.41851,2.31324,5113,3749,X,7297,1622,1064,18845,2004,814657,2016_5,18845
National,X,2016,6,2.84596,2.69449,5638,4589,X,8376,1912,1175,21690,1991,804977,2016_6,21690
National,X,2016,7,3.16601,2.9892,5989,5620,X,9232,2337,1361,24539,1987,820921,2016_7,24539
National,X,2016,8,3.18382,3.11793,6279,5942,X,10009,2578,1377,26185,1943,839819,2016_8,26185
National,X,2016,9,3.34968,3.33016,6521,6335,X,11231,2585,1431,28103,1936,843894,2016_9,28103
National,X,2016,10,3.56884,3.59519,6606,7300,X,11756,2964,1602,30228,1907,840791,2016_10,30228
National,X,2016,11,3.08201,3.10588,5528,6000,X,9249,2481,1463,24721,1881,795942,2016_11,24721
National,X,2016,12,2.79895,2.80228,5162,4960,X,8414,1992,1274,21802,1885,778008,2016_12,21802
National,X,2016,13,2.48677,2.54771,4560,4454,X,7352,1945,1194,19505,1812,765590,2016_13,19505
National,X,2016,14,2.06204,2.13869,3686,3835,X,6309,1645,1119,16594,1788,775897,2016_14,16594
National,X,2016,15,2.00814,2.06495,3530,3495,X,6510,1526,1028,16089,1782,779149,2016_15,16089
National,X,2016,16,1.91023,2.00242,3436,3227,X,6248,1372,938,15221,1745,760129,2016_16,15221
National,X,2016,17,1.73567,1.79787,3120,2966,X,5496,1232,886,13700,1730,762014,2016_17,13700
National,X,2016,18,1.61214,1.62581,2754,2564,X,4664,1026,735,11743,1698,722285,2016_18,11743
National,X,2016,19,1.41552,1.48887,2837,2269,X,4006,840,660,10612,1643,712756,2016_19,10612
National,X,2016,20,1.35286,1.45832,2626,1961,X,3551,830,635,9603,1545,658498,2016_20,9603
National,X,2016,21,1.26418,1.4425,2520,1666,X,3027,705,609,8527,1307,591125,2016_21,8527
National,X,2016,22,1.22777,1.38886,2440,1587,X,2504,642,521,7694,1338,553981,2016_22,7694
National,X,2016,23,1.1919,1.19484,2158,1418,X,2204,603,506,6889,1285,576564,2016_23,6889
National,X,2016,24,1.06881,1.13307,2035,1294,X,2056,532,445,6362,1262,561482,2016_24,6362
National,X,2016,25,0.965657,1.07306,1898,1072,X,1742,445,317,5474,1131,510130,2016_25,5474
National,X,2016,26,0.889525,1.11411,1638,957,X,1517,356,272,4740,961,425451,2016_26,4740
